mint,owner,amount,delegate_option,delegate,state,is_native_option,is_native,delegated_amount,close_authority_option,close_authority,slot,write_version,updated_on
"b'\xc0\xdf8\xae2n\x84\xeeB""\xd9\xea\xdf\xfa\xf4\xd0\x815\x9a\x98fn\xeeO\xbb\x9f\xc6I[\xad/\\'",b'\x0b.\x14\x14\x89{\xd1\x80hk\xf5!\x9e\xc0\xcdP\x1b\xaa\xbdk\xac\xe4\xa8|\xa5\x0ffl\xf6\x9d\x9f\xd7',0,0,b'\x00\x00\x00\x00\x00\x00\x00\x00\x00\x00\x00\x00\x00\x00\x00\x00\x00\x00\x00\x00\x00\x00\x00\x00\x00\x00\x00\x00\x00\x00\x00\x00',1,0,0,0,0,b'\x00\x00\x00\x00\x00\x00\x00\x00\x00\x00\x00\x00\x00\x00\x00\x00\x00\x00\x00\x00\x00\x00\x00\x00\x00\x00\x00\x00\x00\x00\x00\x00',11,214,2022-10-31 17:06:30.455672
"b'\xc0\xdf8\xae2n\x84\xeeB""\xd9\xea\xdf\xfa\xf4\xd0\x815\x9a\x98fn\xeeO\xbb\x9f\xc6I[\xad/\\'",b'\x0b.\x14\x14\x89{\xd1\x80hk\xf5!\x9e\xc0\xcdP\x1b\xaa\xbdk\xac\xe4\xa8|\xa5\x0ffl\xf6\x9d\x9f\xd7',100000000,0,b'\x00\x00\x00\x00\x00\x00\x00\x00\x00\x00\x00\x00\x00\x00\x00\x00\x00\x00\x00\x00\x00\x00\x00\x00\x00\x00\x00\x00\x00\x00\x00\x00',1,0,0,0,0,b'\x00\x00\x00\x00\x00\x00\x00\x00\x00\x00\x00\x00\x00\x00\x00\x00\x00\x00\x00\x00\x00\x00\x00\x00\x00\x00\x00\x00\x00\x00\x00\x00',71,1095,2022-10-31 17:06:59.171333
"b'\xc0\xdf8\xae2n\x84\xeeB""\xd9\xea\xdf\xfa\xf4\xd0\x815\x9a\x98fn\xeeO\xbb\x9f\xc6I[\xad/\\'",b'\x0b.\x14\x14\x89{\xd1\x80hk\xf5!\x9e\xc0\xcdP\x1b\xaa\xbdk\xac\xe4\xa8|\xa5\x0ffl\xf6\x9d\x9f\xd7',200000000,0,b'\x00\x00\x00\x00\x00\x00\x00\x00\x00\x00\x00\x00\x00\x00\x00\x00\x00\x00\x00\x00\x00\x00\x00\x00\x00\x00\x00\x00\x00\x00\x00\x00',1,0,0,0,0,b'\x00\x00\x00\x00\x00\x00\x00\x00\x00\x00\x00\x00\x00\x00\x00\x00\x00\x00\x00\x00\x00\x00\x00\x00\x00\x00\x00\x00\x00\x00\x00\x00',73,1112,2022-10-31 17:07:00.099508
"b'\xc0\xdf8\xae2n\x84\xeeB""\xd9\xea\xdf\xfa\xf4\xd0\x815\x9a\x98fn\xeeO\xbb\x9f\xc6I[\xad/\\'",b'\x0b.\x14\x14\x89{\xd1\x80hk\xf5!\x9e\xc0\xcdP\x1b\xaa\xbdk\xac\xe4\xa8|\xa5\x0ffl\xf6\x9d\x9f\xd7',300000000,0,b'\x00\x00\x00\x00\x00\x00\x00\x00\x00\x00\x00\x00\x00\x00\x00\x00\x00\x00\x00\x00\x00\x00\x00\x00\x00\x00\x00\x00\x00\x00\x00\x00',1,0,0,0,0,b'\x00\x00\x00\x00\x00\x00\x00\x00\x00\x00\x00\x00\x00\x00\x00\x00\x00\x00\x00\x00\x00\x00\x00\x00\x00\x00\x00\x00\x00\x00\x00\x00',76,1142,2022-10-31 17:07:01.536296
"b'\xc0\xdf8\xae2n\x84\xeeB""\xd9\xea\xdf\xfa\xf4\xd0\x815\x9a\x98fn\xeeO\xbb\x9f\xc6I[\xad/\\'",b'\x0b.\x14\x14\x89{\xd1\x80hk\xf5!\x9e\xc0\xcdP\x1b\xaa\xbdk\xac\xe4\xa8|\xa5\x0ffl\xf6\x9d\x9f\xd7',400000000,0,b'\x00\x00\x00\x00\x00\x00\x00\x00\x00\x00\x00\x00\x00\x00\x00\x00\x00\x00\x00\x00\x00\x00\x00\x00\x00\x00\x00\x00\x00\x00\x00\x00',1,0,0,0,0,b'\x00\x00\x00\x00\x00\x00\x00\x00\x00\x00\x00\x00\x00\x00\x00\x00\x00\x00\x00\x00\x00\x00\x00\x00\x00\x00\x00\x00\x00\x00\x00\x00',78,1165,2022-10-31 17:07:02.870169
"b'\xc0\xdf8\xae2n\x84\xeeB""\xd9\xea\xdf\xfa\xf4\xd0\x815\x9a\x98fn\xeeO\xbb\x9f\xc6I[\xad/\\'",b'\x0b.\x14\x14\x89{\xd1\x80hk\xf5!\x9e\xc0\xcdP\x1b\xaa\xbdk\xac\xe4\xa8|\xa5\x0ffl\xf6\x9d\x9f\xd7',500000000,0,b'\x00\x00\x00\x00\x00\x00\x00\x00\x00\x00\x00\x00\x00\x00\x00\x00\x00\x00\x00\x00\x00\x00\x00\x00\x00\x00\x00\x00\x00\x00\x00\x00',1,0,0,0,0,b'\x00\x00\x00\x00\x00\x00\x00\x00\x00\x00\x00\x00\x00\x00\x00\x00\x00\x00\x00\x00\x00\x00\x00\x00\x00\x00\x00\x00\x00\x00\x00\x00',81,1190,2022-10-31 17:07:03.997050
"b'\xc0\xdf8\xae2n\x84\xeeB""\xd9\xea\xdf\xfa\xf4\xd0\x815\x9a\x98fn\xeeO\xbb\x9f\xc6I[\xad/\\'",b'\x0b.\x14\x14\x89{\xd1\x80hk\xf5!\x9e\xc0\xcdP\x1b\xaa\xbdk\xac\xe4\xa8|\xa5\x0ffl\xf6\x9d\x9f\xd7',600000000,0,b'\x00\x00\x00\x00\x00\x00\x00\x00\x00\x00\x00\x00\x00\x00\x00\x00\x00\x00\x00\x00\x00\x00\x00\x00\x00\x00\x00\x00\x00\x00\x00\x00',1,0,0,0,0,b'\x00\x00\x00\x00\x00\x00\x00\x00\x00\x00\x00\x00\x00\x00\x00\x00\x00\x00\x00\x00\x00\x00\x00\x00\x00\x00\x00\x00\x00\x00\x00\x00',83,1215,2022-10-31 17:07:05.296066
"b'\xc0\xdf8\xae2n\x84\xeeB""\xd9\xea\xdf\xfa\xf4\xd0\x815\x9a\x98fn\xeeO\xbb\x9f\xc6I[\xad/\\'",b'\x0b.\x14\x14\x89{\xd1\x80hk\xf5!\x9e\xc0\xcdP\x1b\xaa\xbdk\xac\xe4\xa8|\xa5\x0ffl\xf6\x9d\x9f\xd7',700000000,0,b'\x00\x00\x00\x00\x00\x00\x00\x00\x00\x00\x00\x00\x00\x00\x00\x00\x00\x00\x00\x00\x00\x00\x00\x00\x00\x00\x00\x00\x00\x00\x00\x00',1,0,0,0,0,b'\x00\x00\x00\x00\x00\x00\x00\x00\x00\x00\x00\x00\x00\x00\x00\x00\x00\x00\x00\x00\x00\x00\x00\x00\x00\x00\x00\x00\x00\x00\x00\x00',85,1234,2022-10-31 17:07:06.207085
"b'\xc0\xdf8\xae2n\x84\xeeB""\xd9\xea\xdf\xfa\xf4\xd0\x815\x9a\x98fn\xeeO\xbb\x9f\xc6I[\xad/\\'",b'\x0b.\x14\x14\x89{\xd1\x80hk\xf5!\x9e\xc0\xcdP\x1b\xaa\xbdk\xac\xe4\xa8|\xa5\x0ffl\xf6\x9d\x9f\xd7',800000000,0,b'\x00\x00\x00\x00\x00\x00\x00\x00\x00\x00\x00\x00\x00\x00\x00\x00\x00\x00\x00\x00\x00\x00\x00\x00\x00\x00\x00\x00\x00\x00\x00\x00',1,0,0,0,0,b'\x00\x00\x00\x00\x00\x00\x00\x00\x00\x00\x00\x00\x00\x00\x00\x00\x00\x00\x00\x00\x00\x00\x00\x00\x00\x00\x00\x00\x00\x00\x00\x00',87,1256,2022-10-31 17:07:07.102868
"b'\xc0\xdf8\xae2n\x84\xeeB""\xd9\xea\xdf\xfa\xf4\xd0\x815\x9a\x98fn\xeeO\xbb\x9f\xc6I[\xad/\\'",b'\x0b.\x14\x14\x89{\xd1\x80hk\xf5!\x9e\xc0\xcdP\x1b\xaa\xbdk\xac\xe4\xa8|\xa5\x0ffl\xf6\x9d\x9f\xd7',900000000,0,b'\x00\x00\x00\x00\x00\x00\x00\x00\x00\x00\x00\x00\x00\x00\x00\x00\x00\x00\x00\x00\x00\x00\x00\x00\x00\x00\x00\x00\x00\x00\x00\x00',1,0,0,0,0,b'\x00\x00\x00\x00\x00\x00\x00\x00\x00\x00\x00\x00\x00\x00\x00\x00\x00\x00\x00\x00\x00\x00\x00\x00\x00\x00\x00\x00\x00\x00\x00\x00',89,1278,2022-10-31 17:07:07.983439
"b'\xc0\xdf8\xae2n\x84\xeeB""\xd9\xea\xdf\xfa\xf4\xd0\x815\x9a\x98fn\xeeO\xbb\x9f\xc6I[\xad/\\'",b'\x0b.\x14\x14\x89{\xd1\x80hk\xf5!\x9e\xc0\xcdP\x1b\xaa\xbdk\xac\xe4\xa8|\xa5\x0ffl\xf6\x9d\x9f\xd7',1000000000,0,b'\x00\x00\x00\x00\x00\x00\x00\x00\x00\x00\x00\x00\x00\x00\x00\x00\x00\x00\x00\x00\x00\x00\x00\x00\x00\x00\x00\x00\x00\x00\x00\x00',1,0,0,0,0,b'\x00\x00\x00\x00\x00\x00\x00\x00\x00\x00\x00\x00\x00\x00\x00\x00\x00\x00\x00\x00\x00\x00\x00\x00\x00\x00\x00\x00\x00\x00\x00\x00',91,1298,2022-10-31 17:07:08.901775
"b'\xc0\xdf8\xae2n\x84\xeeB""\xd9\xea\xdf\xfa\xf4\xd0\x815\x9a\x98fn\xeeO\xbb\x9f\xc6I[\xad/\\'",b'\x0b.\x14\x14\x89{\xd1\x80hk\xf5!\x9e\xc0\xcdP\x1b\xaa\xbdk\xac\xe4\xa8|\xa5\x0ffl\xf6\x9d\x9f\xd7',782311876,0,b'\x00\x00\x00\x00\x00\x00\x00\x00\x00\x00\x00\x00\x00\x00\x00\x00\x00\x00\x00\x00\x00\x00\x00\x00\x00\x00\x00\x00\x00\x00\x00\x00',1,0,0,0,0,b'\x00\x00\x00\x00\x00\x00\x00\x00\x00\x00\x00\x00\x00\x00\x00\x00\x00\x00\x00\x00\x00\x00\x00\x00\x00\x00\x00\x00\x00\x00\x00\x00',119,1641,2022-10-31 17:07:22.366041
"b'\xc0\xdf8\xae2n\x84\xeeB""\xd9\xea\xdf\xfa\xf4\xd0\x815\x9a\x98fn\xeeO\xbb\x9f\xc6I[\xad/\\'",b'\x0b.\x14\x14\x89{\xd1\x80hk\xf5!\x9e\xc0\xcdP\x1b\xaa\xbdk\xac\xe4\xa8|\xa5\x0ffl\xf6\x9d\x9f\xd7',564472032,0,b'\x00\x00\x00\x00\x00\x00\x00\x00\x00\x00\x00\x00\x00\x00\x00\x00\x00\x00\x00\x00\x00\x00\x00\x00\x00\x00\x00\x00\x00\x00\x00\x00',1,0,0,0,0,b'\x00\x00\x00\x00\x00\x00\x00\x00\x00\x00\x00\x00\x00\x00\x00\x00\x00\x00\x00\x00\x00\x00\x00\x00\x00\x00\x00\x00\x00\x00\x00\x00',119,1650,2022-10-31 17:07:22.372091
"b'\xc0\xdf8\xae2n\x84\xeeB""\xd9\xea\xdf\xfa\xf4\xd0\x815\x9a\x98fn\xeeO\xbb\x9f\xc6I[\xad/\\'",b'\x0b.\x14\x14\x89{\xd1\x80hk\xf5!\x9e\xc0\xcdP\x1b\xaa\xbdk\xac\xe4\xa8|\xa5\x0ffl\xf6\x9d\x9f\xd7',346722940,0,b'\x00\x00\x00\x00\x00\x00\x00\x00\x00\x00\x00\x00\x00\x00\x00\x00\x00\x00\x00\x00\x00\x00\x00\x00\x00\x00\x00\x00\x00\x00\x00\x00',1,0,0,0,0,b'\x00\x00\x00\x00\x00\x00\x00\x00\x00\x00\x00\x00\x00\x00\x00\x00\x00\x00\x00\x00\x00\x00\x00\x00\x00\x00\x00\x00\x00\x00\x00\x00',119,1658,2022-10-31 17:07:22.373116
"b'\xc0\xdf8\xae2n\x84\xeeB""\xd9\xea\xdf\xfa\xf4\xd0\x815\x9a\x98fn\xeeO\xbb\x9f\xc6I[\xad/\\'",b'\x0b.\x14\x14\x89{\xd1\x80hk\xf5!\x9e\xc0\xcdP\x1b\xaa\xbdk\xac\xe4\xa8|\xa5\x0ffl\xf6\x9d\x9f\xd7',211231248,0,b'\x00\x00\x00\x00\x00\x00\x00\x00\x00\x00\x00\x00\x00\x00\x00\x00\x00\x00\x00\x00\x00\x00\x00\x00\x00\x00\x00\x00\x00\x00\x00\x00',1,0,0,0,0,b'\x00\x00\x00\x00\x00\x00\x00\x00\x00\x00\x00\x00\x00\x00\x00\x00\x00\x00\x00\x00\x00\x00\x00\x00\x00\x00\x00\x00\x00\x00\x00\x00',119,1668,2022-10-31 17:07:22.375192
"b'\xc0\xdf8\xae2n\x84\xeeB""\xd9\xea\xdf\xfa\xf4\xd0\x815\x9a\x98fn\xeeO\xbb\x9f\xc6I[\xad/\\'",b'\x0b.\x14\x14\x89{\xd1\x80hk\xf5!\x9e\xc0\xcdP\x1b\xaa\xbdk\xac\xe4\xa8|\xa5\x0ffl\xf6\x9d\x9f\xd7',193479638,0,b'\x00\x00\x00\x00\x00\x00\x00\x00\x00\x00\x00\x00\x00\x00\x00\x00\x00\x00\x00\x00\x00\x00\x00\x00\x00\x00\x00\x00\x00\x00\x00\x00',1,0,0,0,0,b'\x00\x00\x00\x00\x00\x00\x00\x00\x00\x00\x00\x00\x00\x00\x00\x00\x00\x00\x00\x00\x00\x00\x00\x00\x00\x00\x00\x00\x00\x00\x00\x00',119,1677,2022-10-31 17:07:22.376248
"b'\xc0\xdf8\xae2n\x84\xeeB""\xd9\xea\xdf\xfa\xf4\xd0\x815\x9a\x98fn\xeeO\xbb\x9f\xc6I[\xad/\\'",b'\x0b.\x14\x14\x89{\xd1\x80hk\xf5!\x9e\xc0\xcdP\x1b\xaa\xbdk\xac\xe4\xa8|\xa5\x0ffl\xf6\x9d\x9f\xd7',1,0,b'\x00\x00\x00\x00\x00\x00\x00\x00\x00\x00\x00\x00\x00\x00\x00\x00\x00\x00\x00\x00\x00\x00\x00\x00\x00\x00\x00\x00\x00\x00\x00\x00',1,0,0,0,0,b'\x00\x00\x00\x00\x00\x00\x00\x00\x00\x00\x00\x00\x00\x00\x00\x00\x00\x00\x00\x00\x00\x00\x00\x00\x00\x00\x00\x00\x00\x00\x00\x00',119,1686,2022-10-31 17:07:22.378492
"b'\xc0\xdf8\xae2n\x84\xeeB""\xd9\xea\xdf\xfa\xf4\xd0\x815\x9a\x98fn\xeeO\xbb\x9f\xc6I[\xad/\\'",b'\x0b.\x14\x14\x89{\xd1\x80hk\xf5!\x9e\xc0\xcdP\x1b\xaa\xbdk\xac\xe4\xa8|\xa5\x0ffl\xf6\x9d\x9f\xd7',1,0,b'\x00\x00\x00\x00\x00\x00\x00\x00\x00\x00\x00\x00\x00\x00\x00\x00\x00\x00\x00\x00\x00\x00\x00\x00\x00\x00\x00\x00\x00\x00\x00\x00',1,0,0,0,0,b'\x00\x00\x00\x00\x00\x00\x00\x00\x00\x00\x00\x00\x00\x00\x00\x00\x00\x00\x00\x00\x00\x00\x00\x00\x00\x00\x00\x00\x00\x00\x00\x00',129,1811,2022-10-31 17:07:27.142194
"b'\xc0\xdf8\xae2n\x84\xeeB""\xd9\xea\xdf\xfa\xf4\xd0\x815\x9a\x98fn\xeeO\xbb\x9f\xc6I[\xad/\\'",b'\x0b.\x14\x14\x89{\xd1\x80hk\xf5!\x9e\xc0\xcdP\x1b\xaa\xbdk\xac\xe4\xa8|\xa5\x0ffl\xf6\x9d\x9f\xd7',1,0,b'\x00\x00\x00\x00\x00\x00\x00\x00\x00\x00\x00\x00\x00\x00\x00\x00\x00\x00\x00\x00\x00\x00\x00\x00\x00\x00\x00\x00\x00\x00\x00\x00',1,0,0,0,0,b'\x00\x00\x00\x00\x00\x00\x00\x00\x00\x00\x00\x00\x00\x00\x00\x00\x00\x00\x00\x00\x00\x00\x00\x00\x00\x00\x00\x00\x00\x00\x00\x00',129,1821,2022-10-31 17:07:27.148047
"b'\xc0\xdf8\xae2n\x84\xeeB""\xd9\xea\xdf\xfa\xf4\xd0\x815\x9a\x98fn\xeeO\xbb\x9f\xc6I[\xad/\\'",b'\x0b.\x14\x14\x89{\xd1\x80hk\xf5!\x9e\xc0\xcdP\x1b\xaa\xbdk\xac\xe4\xa8|\xa5\x0ffl\xf6\x9d\x9f\xd7',1,0,b'\x00\x00\x00\x00\x00\x00\x00\x00\x00\x00\x00\x00\x00\x00\x00\x00\x00\x00\x00\x00\x00\x00\x00\x00\x00\x00\x00\x00\x00\x00\x00\x00',1,0,0,0,0,b'\x00\x00\x00\x00\x00\x00\x00\x00\x00\x00\x00\x00\x00\x00\x00\x00\x00\x00\x00\x00\x00\x00\x00\x00\x00\x00\x00\x00\x00\x00\x00\x00',146,2271,2022-10-31 17:07:35.351418
"b'\xc0\xdf8\xae2n\x84\xeeB""\xd9\xea\xdf\xfa\xf4\xd0\x815\x9a\x98fn\xeeO\xbb\x9f\xc6I[\xad/\\'",b'\x0b.\x14\x14\x89{\xd1\x80hk\xf5!\x9e\xc0\xcdP\x1b\xaa\xbdk\xac\xe4\xa8|\xa5\x0ffl\xf6\x9d\x9f\xd7',100000001,0,b'\x00\x00\x00\x00\x00\x00\x00\x00\x00\x00\x00\x00\x00\x00\x00\x00\x00\x00\x00\x00\x00\x00\x00\x00\x00\x00\x00\x00\x00\x00\x00\x00',1,0,0,0,0,b'\x00\x00\x00\x00\x00\x00\x00\x00\x00\x00\x00\x00\x00\x00\x00\x00\x00\x00\x00\x00\x00\x00\x00\x00\x00\x00\x00\x00\x00\x00\x00\x00',183,2584,2022-10-31 17:07:52.857669
"b'\xc0\xdf8\xae2n\x84\xeeB""\xd9\xea\xdf\xfa\xf4\xd0\x815\x9a\x98fn\xeeO\xbb\x9f\xc6I[\xad/\\'",b'\x0b.\x14\x14\x89{\xd1\x80hk\xf5!\x9e\xc0\xcdP\x1b\xaa\xbdk\xac\xe4\xa8|\xa5\x0ffl\xf6\x9d\x9f\xd7',200000001,0,b'\x00\x00\x00\x00\x00\x00\x00\x00\x00\x00\x00\x00\x00\x00\x00\x00\x00\x00\x00\x00\x00\x00\x00\x00\x00\x00\x00\x00\x00\x00\x00\x00',1,0,0,0,0,b'\x00\x00\x00\x00\x00\x00\x00\x00\x00\x00\x00\x00\x00\x00\x00\x00\x00\x00\x00\x00\x00\x00\x00\x00\x00\x00\x00\x00\x00\x00\x00\x00',189,2633,2022-10-31 17:07:55.753357
"b'\xc0\xdf8\xae2n\x84\xeeB""\xd9\xea\xdf\xfa\xf4\xd0\x815\x9a\x98fn\xeeO\xbb\x9f\xc6I[\xad/\\'",b'\x0b.\x14\x14\x89{\xd1\x80hk\xf5!\x9e\xc0\xcdP\x1b\xaa\xbdk\xac\xe4\xa8|\xa5\x0ffl\xf6\x9d\x9f\xd7',300000001,0,b'\x00\x00\x00\x00\x00\x00\x00\x00\x00\x00\x00\x00\x00\x00\x00\x00\x00\x00\x00\x00\x00\x00\x00\x00\x00\x00\x00\x00\x00\x00\x00\x00',1,0,0,0,0,b'\x00\x00\x00\x00\x00\x00\x00\x00\x00\x00\x00\x00\x00\x00\x00\x00\x00\x00\x00\x00\x00\x00\x00\x00\x00\x00\x00\x00\x00\x00\x00\x00',198,2713,2022-10-31 17:08:00.408118
"b'\xc0\xdf8\xae2n\x84\xeeB""\xd9\xea\xdf\xfa\xf4\xd0\x815\x9a\x98fn\xeeO\xbb\x9f\xc6I[\xad/\\'",b'\x0b.\x14\x14\x89{\xd1\x80hk\xf5!\x9e\xc0\xcdP\x1b\xaa\xbdk\xac\xe4\xa8|\xa5\x0ffl\xf6\x9d\x9f\xd7',400000001,0,b'\x00\x00\x00\x00\x00\x00\x00\x00\x00\x00\x00\x00\x00\x00\x00\x00\x00\x00\x00\x00\x00\x00\x00\x00\x00\x00\x00\x00\x00\x00\x00\x00',1,0,0,0,0,b'\x00\x00\x00\x00\x00\x00\x00\x00\x00\x00\x00\x00\x00\x00\x00\x00\x00\x00\x00\x00\x00\x00\x00\x00\x00\x00\x00\x00\x00\x00\x00\x00',203,2760,2022-10-31 17:08:02.717686
"b'\xc0\xdf8\xae2n\x84\xeeB""\xd9\xea\xdf\xfa\xf4\xd0\x815\x9a\x98fn\xeeO\xbb\x9f\xc6I[\xad/\\'",b'\x0b.\x14\x14\x89{\xd1\x80hk\xf5!\x9e\xc0\xcdP\x1b\xaa\xbdk\xac\xe4\xa8|\xa5\x0ffl\xf6\x9d\x9f\xd7',500000001,0,b'\x00\x00\x00\x00\x00\x00\x00\x00\x00\x00\x00\x00\x00\x00\x00\x00\x00\x00\x00\x00\x00\x00\x00\x00\x00\x00\x00\x00\x00\x00\x00\x00',1,0,0,0,0,b'\x00\x00\x00\x00\x00\x00\x00\x00\x00\x00\x00\x00\x00\x00\x00\x00\x00\x00\x00\x00\x00\x00\x00\x00\x00\x00\x00\x00\x00\x00\x00\x00',208,2805,2022-10-31 17:08:05.017835
"b'\xc0\xdf8\xae2n\x84\xeeB""\xd9\xea\xdf\xfa\xf4\xd0\x815\x9a\x98fn\xeeO\xbb\x9f\xc6I[\xad/\\'",b'\x0b.\x14\x14\x89{\xd1\x80hk\xf5!\x9e\xc0\xcdP\x1b\xaa\xbdk\xac\xe4\xa8|\xa5\x0ffl\xf6\x9d\x9f\xd7',600000001,0,b'\x00\x00\x00\x00\x00\x00\x00\x00\x00\x00\x00\x00\x00\x00\x00\x00\x00\x00\x00\x00\x00\x00\x00\x00\x00\x00\x00\x00\x00\x00\x00\x00',1,0,0,0,0,b'\x00\x00\x00\x00\x00\x00\x00\x00\x00\x00\x00\x00\x00\x00\x00\x00\x00\x00\x00\x00\x00\x00\x00\x00\x00\x00\x00\x00\x00\x00\x00\x00',216,2883,2022-10-31 17:08:08.955479
"b'\xc0\xdf8\xae2n\x84\xeeB""\xd9\xea\xdf\xfa\xf4\xd0\x815\x9a\x98fn\xeeO\xbb\x9f\xc6I[\xad/\\'",b'\x0b.\x14\x14\x89{\xd1\x80hk\xf5!\x9e\xc0\xcdP\x1b\xaa\xbdk\xac\xe4\xa8|\xa5\x0ffl\xf6\x9d\x9f\xd7',700000001,0,b'\x00\x00\x00\x00\x00\x00\x00\x00\x00\x00\x00\x00\x00\x00\x00\x00\x00\x00\x00\x00\x00\x00\x00\x00\x00\x00\x00\x00\x00\x00\x00\x00',1,0,0,0,0,b'\x00\x00\x00\x00\x00\x00\x00\x00\x00\x00\x00\x00\x00\x00\x00\x00\x00\x00\x00\x00\x00\x00\x00\x00\x00\x00\x00\x00\x00\x00\x00\x00',221,2929,2022-10-31 17:08:11.286379
"b'\xc0\xdf8\xae2n\x84\xeeB""\xd9\xea\xdf\xfa\xf4\xd0\x815\x9a\x98fn\xeeO\xbb\x9f\xc6I[\xad/\\'",b'\x0b.\x14\x14\x89{\xd1\x80hk\xf5!\x9e\xc0\xcdP\x1b\xaa\xbdk\xac\xe4\xa8|\xa5\x0ffl\xf6\x9d\x9f\xd7',800000001,0,b'\x00\x00\x00\x00\x00\x00\x00\x00\x00\x00\x00\x00\x00\x00\x00\x00\x00\x00\x00\x00\x00\x00\x00\x00\x00\x00\x00\x00\x00\x00\x00\x00',1,0,0,0,0,b'\x00\x00\x00\x00\x00\x00\x00\x00\x00\x00\x00\x00\x00\x00\x00\x00\x00\x00\x00\x00\x00\x00\x00\x00\x00\x00\x00\x00\x00\x00\x00\x00',226,2976,2022-10-31 17:08:13.601856
"b'\xc0\xdf8\xae2n\x84\xeeB""\xd9\xea\xdf\xfa\xf4\xd0\x815\x9a\x98fn\xeeO\xbb\x9f\xc6I[\xad/\\'",b'\x0b.\x14\x14\x89{\xd1\x80hk\xf5!\x9e\xc0\xcdP\x1b\xaa\xbdk\xac\xe4\xa8|\xa5\x0ffl\xf6\x9d\x9f\xd7',900000001,0,b'\x00\x00\x00\x00\x00\x00\x00\x00\x00\x00\x00\x00\x00\x00\x00\x00\x00\x00\x00\x00\x00\x00\x00\x00\x00\x00\x00\x00\x00\x00\x00\x00',1,0,0,0,0,b'\x00\x00\x00\x00\x00\x00\x00\x00\x00\x00\x00\x00\x00\x00\x00\x00\x00\x00\x00\x00\x00\x00\x00\x00\x00\x00\x00\x00\x00\x00\x00\x00',234,3097,2022-10-31 17:08:17.489026
"b'\xc0\xdf8\xae2n\x84\xeeB""\xd9\xea\xdf\xfa\xf4\xd0\x815\x9a\x98fn\xeeO\xbb\x9f\xc6I[\xad/\\'",b'\x0b.\x14\x14\x89{\xd1\x80hk\xf5!\x9e\xc0\xcdP\x1b\xaa\xbdk\xac\xe4\xa8|\xa5\x0ffl\xf6\x9d\x9f\xd7',1000000001,0,b'\x00\x00\x00\x00\x00\x00\x00\x00\x00\x00\x00\x00\x00\x00\x00\x00\x00\x00\x00\x00\x00\x00\x00\x00\x00\x00\x00\x00\x00\x00\x00\x00',1,0,0,0,0,b'\x00\x00\x00\x00\x00\x00\x00\x00\x00\x00\x00\x00\x00\x00\x00\x00\x00\x00\x00\x00\x00\x00\x00\x00\x00\x00\x00\x00\x00\x00\x00\x00',239,3144,2022-10-31 17:08:19.777011
